{"accuracy":0.9994360836,"precision":0.9701492537,"recall":0.6842105263,"f1":0.8024691358,"auc_roc":0.9419595882}